income,credit_score,loan_amount,points,loan_approved
113810,389,39698,50.0,False
44592,729,15446,55.0,False
33278,584,11189,45.0,False
127196,344,48823,50.0,False
66048,496,47174,25.0,False
62098,689,19217,65.0,True
59256,373,40920,35.0,False
48289,524,45866,25.0,False
126530,367,14826,55.0,False
43434,446,18359,20.0,False
118696,670,15373,75.0,True
127080,365,26216,55.0,False
146939,573,43006,50.0,False
101482,819,7973,100.0,True
41395,843,1037,80.0,True
107397,380,6613,60.0,True
85302,469,18370,50.0,False
34165,682,29711,50.0,False
33905,525,1471,30.0,False
42280,543,19250,25.0,False
58657,716,13478,65.0,True
60495,400,4972,50.0,False
96237,443,28648,45.0,False
108907,400,4315,60.0,True
33478,792,15008,60.0,True
103563,592,28722,65.0,True
56062,362,21552,30.0,False
123850,382,13178,45.0,False
115181,383,28474,55.0,False
121924,434,45019,50.0,False
101426,402,5801,60.0,True
84987,748,36600,75.0,True
58893,406,9800,45.0,False
88878,651,14342,65.0,True
107236,345,1232,60.0,True
66463,309,8331,35.0,False
136093,451,29166,50.0,False
143940,405,24178,55.0,False
30851,481,28020,10.0,False
129458,573,11433,55.0,False
135620,658,21000,70.0,True
50926,659,43040,50.0,False
121506,482,39049,50.0,False
85392,418,26244,45.0,False
74597,638,41839,50.0,False
66421,712,46692,60.0,True
50379,608,27612,50.0,False
58221,518,34500,35.0,False
130072,395,16392,55.0,False
74118,374,30846,35.0,False
43396,451,43995,10.0,False
42156,775,4291,70.0,True
79797,624,30004,60.0,True
42676,760,17986,60.0,True
77052,750,6077,90.0,True
141082,456,47295,50.0,False
75082,698,39278,50.0,False
109131,729,36272,75.0,True
64671,698,23028,65.0,True
135791,385,43123,50.0,False
35695,634,23118,40.0,False
125647,353,23935,55.0,False
90217,456,16633,45.0,False
100284,471,40707,45.0,False
46361,326,21444,25.0,False
79615,548,7678,55.0,False
40328,370,34158,25.0,False
102357,456,29540,50.0,False
68427,574,22122,40.0,False
138711,688,23046,65.0,True
112397,310,34857,50.0,False
111070,802,30371,75.0,True
146057,784,37272,85.0,True
142945,613,17475,70.0,True
77400,795,19120,85.0,True
105674,669,12759,70.0,True
55203,802,7723,70.0,True
122349,789,8476,85.0,True
39116,611,6582,50.0,False
36006,761,30014,60.0,True
116673,512,41993,50.0,False
59871,781,20087,65.0,True
131327,570,41963,50.0,False
67930,572,10321,35.0,False
40458,611,46857,40.0,False
142108,630,40564,65.0,True
60512,341,12481,45.0,False
143571,393,31802,55.0,False
43238,807,19888,65.0,True
79823,713,34724,50.0,False
66434,810,41986,75.0,True
89429,424,2891,55.0,False
113320,416,31241,45.0,False
139328,725,32621,80.0,True
77819,724,23274,70.0,True
51319,795,23618,70.0,True
78520,692,16306,75.0,True
76566,807,3426,90.0,True
57460,315,48346,30.0,False
117841,646,41845,65.0,True
64993,336,41465,25.0,False
121988,400,42533,45.0,False
119593,667,25565,70.0,True
114939,691,41613,75.0,True
39358,461,5840,35.0,False
109840,609,14055,70.0,True
113227,322,44137,50.0,False
52431,535,40784,35.0,False
100010,340,21246,55.0,False
125568,479,14159,50.0,False
62087,793,20342,75.0,True
51417,706,37524,60.0,True
90589,690,42847,65.0,True
79735,364,42641,40.0,False
65382,611,33284,45.0,False
113886,729,39491,70.0,True
120198,333,46238,50.0,False
103000,667,4968,75.0,True
58785,321,4314,50.0,False
119733,521,16269,55.0,False
72504,433,36403,35.0,False
140474,543,39591,50.0,False
130704,787,30378,90.0,True
131711,608,31018,55.0,False
37331,375,6294,35.0,False
60021,601,30734,50.0,False
137715,533,28119,55.0,False
34207,683,11003,55.0,False
135518,361,39434,50.0,False
71347,594,40348,50.0,False
82581,658,37455,55.0,False
65093,326,40911,35.0,False
38675,446,38114,25.0,False
57653,729,30730,60.0,True
149686,383,18832,55.0,False
104341,416,23621,55.0,False
144867,356,1503,60.0,True
124098,307,33596,50.0,False
71245,746,2228,85.0,True
57869,596,8548,60.0,True
115909,390,29620,45.0,False
95435,526,22827,50.0,False
81856,451,16484,45.0,False
145957,775,37944,85.0,True
149871,454,29820,45.0,False
114259,772,30616,75.0,True
90142,773,39032,75.0,True
48726,813,10886,65.0,True
64718,553,47374,35.0,False
48301,353,42345,25.0,False
62325,641,6341,60.0,True
127647,617,37629,65.0,True
103579,670,2194,85.0,True
100644,458,6057,60.0,True
64438,685,11109,70.0,True
127912,720,24874,80.0,True
106622,616,31737,65.0,True
86155,814,35567,80.0,True
147679,792,25327,90.0,True
106484,579,30446,50.0,False
82350,657,2747,70.0,True
77447,401,47838,40.0,False
58746,780,30399,70.0,True
48131,840,28738,60.0,True
96784,768,5116,85.0,True
94686,739,1102,80.0,True
41915,838,36656,65.0,True
129061,682,17623,65.0,True
36175,436,3905,35.0,False
142866,486,9837,50.0,False
44371,342,21682,25.0,False
50033,592,24394,40.0,False
112240,750,26339,90.0,True
50969,380,29220,35.0,False
133819,756,40493,85.0,True
119192,581,42908,55.0,False
85333,748,3280,85.0,True
108172,457,45503,45.0,False
38326,621,43569,40.0,False
80432,420,18155,50.0,False
80019,375,30625,45.0,False
108104,597,20657,70.0,True
91348,505,10101,50.0,False
99352,432,41104,35.0,False
62953,375,9213,45.0,False
102512,486,9456,60.0,True
142824,630,47486,65.0,True
31504,581,9203,45.0,False
119166,457,12219,55.0,False
124466,346,43038,50.0,False
45014,596,43068,40.0,False
119353,725,32735,75.0,True
145970,708,9569,85.0,True
100381,399,4316,60.0,True
128419,620,13440,70.0,True
64973,520,39230,35.0,False
130741,410,29241,50.0,False
114012,499,24758,55.0,False
74587,431,7336,50.0,False
44621,821,27305,65.0,True
68469,827,10160,85.0,True
86985,821,35887,80.0,True
50730,726,39253,60.0,True
89470,533,48277,30.0,False
30425,332,38523,20.0,False
124646,813,41073,90.0,True
144799,632,44399,65.0,True
124329,795,13600,90.0,True
64522,800,21777,80.0,True
95612,688,26856,70.0,True
129871,654,29991,70.0,True
53416,440,8158,45.0,False
96542,402,28086,45.0,False
149619,716,43787,75.0,True
43947,391,43749,25.0,False
144100,337,27017,55.0,False
111959,605,38221,65.0,True
69117,816,31672,75.0,True
140319,314,49274,50.0,False
113748,715,29029,75.0,True
96540,554,1447,55.0,False
109818,311,18141,55.0,False
56071,618,46238,45.0,False
50032,789,11039,80.0,True
79009,553,45586,40.0,False
129943,414,5047,60.0,True
51174,752,8617,80.0,True
100697,435,34636,50.0,False
132056,560,1197,60.0,True
99514,783,3079,90.0,True
30074,759,25739,60.0,True
108504,421,12696,55.0,False
72487,774,45138,70.0,True
94042,493,48515,35.0,False
32552,334,30257,25.0,False
44662,522,4699,30.0,False
77576,542,20776,40.0,False
145175,807,4072,100.0,True
139008,452,20653,55.0,False
135745,447,31344,45.0,False
70306,508,22644,35.0,False
61385,340,5769,50.0,False
37592,640,20869,25.0,False
61571,706,16684,65.0,True
145082,825,33589,95.0,True
104364,620,28127,55.0,False
40322,727,20345,45.0,False
41226,645,17864,40.0,False
125932,473,10172,60.0,True
93699,349,1418,55.0,False
136957,766,25458,80.0,True
39071,306,35879,25.0,False
129693,483,8013,55.0,False
99822,706,6178,80.0,True
130379,382,43843,40.0,False
46483,384,33758,25.0,False
46828,516,46369,25.0,False
116474,333,12754,55.0,False
92296,466,37959,40.0,False
102063,380,33819,50.0,False
51643,634,2941,65.0,True
64741,742,13172,80.0,True
99163,574,11107,50.0,False
144351,305,21202,55.0,False
109507,824,27741,85.0,True
85461,598,28119,60.0,True
57760,689,12108,65.0,True
100686,606,32734,55.0,False
128994,768,8010,90.0,True
125673,750,22937,90.0,True
120422,505,32392,50.0,False
56365,633,25645,50.0,False
123447,484,45676,50.0,False
70857,370,27813,40.0,False
82296,686,5847,80.0,True
118039,849,39916,90.0,True
115180,709,22731,80.0,True
78944,774,45535,75.0,True
87422,387,8606,50.0,False
147914,748,48316,85.0,True
97839,468,49528,40.0,False
89177,714,42271,65.0,True
45860,698,1291,65.0,True
62493,491,24972,40.0,False
59451,697,41062,60.0,True
38392,604,41270,40.0,False
74313,444,34477,35.0,False
32757,477,37366,25.0,False
107110,796,9947,95.0,True
102603,725,47539,70.0,True
60161,850,19918,80.0,True
107128,416,18556,55.0,False
58864,523,28862,30.0,False
30942,749,8693,65.0,True
39305,511,14562,20.0,False
122778,599,19961,70.0,True
112719,360,19174,50.0,False
37716,801,10317,70.0,True
60007,712,34791,60.0,True
38834,395,48902,25.0,False
148675,516,33421,55.0,False
34117,651,45731,30.0,False
142674,751,30918,75.0,True
73309,395,43899,35.0,False
39287,612,48578,40.0,False
97391,531,35042,45.0,False
61195,372,16004,40.0,False
66500,691,9725,65.0,True
117684,518,42161,45.0,False
93624,443,9071,55.0,False
58080,386,17263,40.0,False
100678,510,34931,50.0,False
47342,806,26289,60.0,True
124811,730,24947,80.0,True
145655,568,15138,45.0,False
104847,725,28759,75.0,True
105525,823,14316,90.0,True
91953,359,17022,45.0,False
61850,422,1830,45.0,False
132841,575,49033,45.0,False
91993,378,33515,45.0,False
135840,405,38611,45.0,False
83354,692,10835,75.0,True
54957,726,48204,60.0,True
42363,347,27275,15.0,False
42704,767,1522,75.0,True
116374,805,13807,95.0,True
86498,654,42677,40.0,False
76438,543,28513,45.0,False
85519,832,28070,85.0,True
83883,376,39790,40.0,False
91213,702,46922,65.0,True
143224,411,11184,55.0,False
125561,762,21205,90.0,True
37100,520,22482,20.0,False
118259,331,27502,55.0,False
115649,312,5041,60.0,True
114696,322,5225,60.0,True
42899,351,12009,30.0,False
37944,662,15071,45.0,False
82772,721,37089,65.0,True
125448,838,17328,95.0,True
74473,652,38070,50.0,False
134935,587,4839,75.0,True
142941,546,18467,55.0,False
44322,697,24252,50.0,False
62591,660,38201,50.0,False
55112,802,3487,85.0,True
54931,433,23331,35.0,False
100292,413,35491,50.0,False
88800,609,22142,60.0,True
48373,665,15630,45.0,False
85296,700,38190,55.0,False
54050,808,10217,85.0,True
66509,390,47462,35.0,False
90637,658,17820,60.0,True
62742,804,25819,75.0,True
144620,334,20327,40.0,False
39880,376,36851,20.0,False
88082,744,11295,75.0,True
135909,543,7285,50.0,False
142898,601,44386,65.0,True
142193,383,32035,50.0,False
102132,696,13116,80.0,True
42833,531,18600,25.0,False
36630,723,39648,50.0,False
115477,541,32212,50.0,False
100855,759,12329,90.0,True
139579,506,42105,45.0,False
31934,633,19101,40.0,False
42224,451,38132,25.0,False
128771,848,23535,95.0,True
141240,712,10427,85.0,True
60982,786,18601,75.0,True
51798,533,9807,45.0,False
83269,492,29948,45.0,False
93653,462,5300,55.0,False
93092,359,17350,40.0,False
58016,817,27014,75.0,True
143331,785,39461,85.0,True
82565,466,38503,40.0,False
148284,320,45708,35.0,False
37685,581,28774,40.0,False
51579,404,1481,50.0,False
79672,793,5183,90.0,True
30282,546,4720,35.0,False
81173,565,28431,45.0,False
64760,527,45978,35.0,False
132769,485,20253,50.0,False
132908,391,15565,55.0,False
89638,601,31393,55.0,False
67388,422,45610,35.0,False
85444,650,27816,60.0,True
121303,640,42355,65.0,True
125748,462,33084,45.0,False
132676,304,3472,60.0,True
102845,495,2174,45.0,False
116752,692,33986,75.0,True
124163,836,23140,95.0,True
93788,468,27436,30.0,False
50289,675,47603,50.0,False
54890,320,4161,45.0,False
68890,309,20733,40.0,False
58534,407,34527,35.0,False
37665,569,35284,25.0,False
105914,638,16368,55.0,False
126434,823,5918,95.0,True
101066,402,12449,45.0,False
37989,346,1633,35.0,False
128038,395,25420,55.0,False
71104,731,43522,60.0,True
37492,794,38286,60.0,True
36572,794,32989,55.0,False
106569,529,44898,45.0,False
92493,793,23659,80.0,True
95909,817,31755,85.0,True
141767,351,34222,55.0,False
99615,758,6768,90.0,True
50635,300,6956,45.0,False
37455,649,24812,30.0,False
96562,763,8472,85.0,True
40500,408,4000,40.0,False
141587,423,26748,55.0,False
54356,426,30524,35.0,False
38981,743,39346,60.0,True
107992,406,26389,55.0,False
38907,580,27074,40.0,False
118501,606,46973,65.0,True
142960,597,45997,65.0,True
60828,630,47553,45.0,False
82923,592,28681,45.0,False
45713,593,45786,40.0,False
146691,667,30661,65.0,True
104668,698,16571,80.0,True
62271,355,1849,50.0,False
105880,501,48507,45.0,False
107924,422,25720,45.0,False
35209,458,3617,30.0,False
111183,666,5776,75.0,True
40745,713,7025,60.0,True
84948,786,37787,60.0,True
116163,628,25993,65.0,True
106503,756,32903,75.0,True
104085,846,1480,100.0,True
98522,850,47054,80.0,True
71467,639,3482,60.0,True
64179,717,26430,60.0,True
56772,346,46933,25.0,False
117782,748,25996,90.0,True
123872,602,42552,60.0,True
71180,444,9076,35.0,False
61285,516,28043,35.0,False
64814,355,36969,35.0,False
81876,798,22682,80.0,True
47154,636,41392,40.0,False
118039,304,21526,55.0,False
114607,639,32454,65.0,True
69321,587,10175,60.0,True
89929,714,39668,65.0,True
71441,674,26722,65.0,True
128548,392,27003,55.0,False
39508,756,11434,65.0,True
31220,667,3648,50.0,False
90068,830,24674,85.0,True
111416,580,49621,60.0,True
103792,829,17487,95.0,True
43104,306,33888,20.0,False
39602,461,24738,25.0,False
100468,790,32393,85.0,True
57938,464,9829,45.0,False
96307,829,27571,85.0,True
64760,759,40749,70.0,True
47361,486,41842,25.0,False
75745,535,25786,45.0,False
145456,481,32186,55.0,False
39016,301,45470,25.0,False
145247,690,23971,80.0,True
62018,538,6493,45.0,False
78434,835,8722,90.0,True
67353,458,28923,35.0,False
50676,508,28081,35.0,False
87433,652,47235,55.0,False
139280,465,7571,60.0,True
101200,393,10524,55.0,False
122214,833,19774,95.0,True
69651,830,19743,80.0,True
110173,336,24575,55.0,False
135788,704,27571,80.0,True
115717,656,23772,70.0,True
99329,479,27681,45.0,False
31025,850,38676,65.0,True
117538,769,45668,85.0,True
137099,535,21691,55.0,False
102692,708,45151,70.0,True
69240,575,12978,45.0,False
116951,664,11223,70.0,True
43577,343,32607,25.0,False
145097,586,27075,70.0,True
47601,333,33930,25.0,False
64664,308,1774,50.0,False
45129,542,18655,25.0,False
146616,673,27253,80.0,True
44029,576,16453,30.0,False
127310,480,28624,55.0,False
102512,556,37840,50.0,False
50374,398,30481,35.0,False
65697,424,24009,40.0,False
66930,632,45118,50.0,False
109276,471,42981,50.0,False
57607,621,21766,55.0,False
124058,833,30510,95.0,True
74942,381,14800,45.0,False
56685,706,35339,55.0,False
120111,590,30042,65.0,True
113130,787,31617,85.0,True
141792,745,35305,90.0,True
64600,615,24971,55.0,False
96244,847,1545,95.0,True
94032,307,36927,45.0,False
62914,699,25796,60.0,True
148664,575,28060,55.0,False
149034,803,13306,100.0,True
140900,428,47871,50.0,False
36658,619,33662,40.0,False
42097,701,5678,60.0,True
113136,554,26218,55.0,False
85518,784,26501,80.0,True
138704,503,24620,45.0,False
66265,582,39318,45.0,False
35778,680,6864,60.0,True
30464,849,8038,65.0,True
73719,497,2399,50.0,False
131072,601,36568,65.0,True
47146,464,5513,35.0,False
113507,688,49080,70.0,True
64335,696,13443,70.0,True
51178,413,7308,45.0,False
127154,409,32809,50.0,False
87912,562,4216,55.0,False
102309,381,31674,50.0,False
122493,572,35669,40.0,False
86057,536,35842,40.0,False
103519,725,49896,65.0,True
31267,484,37042,25.0,False
44663,632,25361,40.0,False
39862,684,37060,50.0,False
145750,316,34922,50.0,False
120573,823,37459,90.0,True
148479,675,39152,75.0,True
49536,379,48420,25.0,False
101511,690,6143,75.0,True
34722,532,49999,25.0,False
139392,453,22419,55.0,False
78393,816,6903,95.0,True
106350,350,36923,50.0,False
102420,502,32972,50.0,False
49410,740,22195,60.0,True
86333,324,20976,50.0,False
46704,539,14086,30.0,False
35482,594,1900,55.0,False
70404,516,14356,45.0,False
77795,318,25681,45.0,False
147831,354,31471,40.0,False
134349,599,43559,65.0,True
142814,390,13217,60.0,True
35229,612,22860,40.0,False
147823,541,33850,55.0,False
76898,455,23399,45.0,False
57535,456,28948,35.0,False
119399,507,10051,60.0,True
62706,461,21807,30.0,False
117416,330,21885,55.0,False
43473,409,9620,35.0,False
76357,326,24544,40.0,False
132251,488,26392,55.0,False
103385,576,28069,50.0,False
145885,801,46079,90.0,True
144650,620,26831,70.0,True
83264,343,17103,50.0,False
111351,494,20082,55.0,False
128235,355,46216,50.0,False
50257,438,26760,35.0,False
61029,631,46332,50.0,False
143325,836,47352,90.0,True
51299,344,12199,45.0,False
134842,352,28497,55.0,False
136269,507,1231,60.0,True
53206,805,16589,80.0,True
145528,584,41616,65.0,True
84040,337,10527,40.0,False
33248,465,45046,25.0,False
53509,668,3348,60.0,True
126542,366,20191,55.0,False
73540,359,8163,45.0,False
132548,737,40901,75.0,True
83964,832,48787,80.0,True
135150,776,41990,80.0,True
117806,658,37727,65.0,True
143254,607,34206,70.0,True
126345,329,12510,60.0,True
136266,793,11183,95.0,True
62527,357,35149,35.0,False
64970,662,5339,60.0,True
50866,491,40006,30.0,False
133202,723,6688,85.0,True
121917,479,8355,60.0,True
44168,812,11097,70.0,True
80140,400,34826,35.0,False
144316,389,22842,55.0,False
35075,514,22029,25.0,False
142537,452,11321,60.0,True
91694,626,18763,60.0,True
59154,646,36427,50.0,False
56158,736,26684,60.0,True
137031,640,13985,70.0,True
90332,779,7374,90.0,True
75830,447,41431,40.0,False
70001,764,32949,55.0,False
137549,430,34288,50.0,False
134247,710,39701,75.0,True
144206,513,46485,50.0,False
59831,477,44424,25.0,False
59219,399,30177,35.0,False
33101,392,15261,20.0,False
116511,763,35816,85.0,True
55313,745,48041,70.0,True
82227,678,36971,55.0,False
73025,540,29292,35.0,False
66517,477,32121,30.0,False
143292,437,1760,50.0,False
39099,386,9992,30.0,False
131361,821,28795,95.0,True
66585,810,48901,75.0,True
76025,794,47195,75.0,True
114080,586,31470,65.0,True
96768,619,41176,45.0,False
82386,639,28591,60.0,True
119065,473,38542,40.0,False
140580,817,6037,100.0,True
100282,478,39782,45.0,False
73404,840,3168,90.0,True
33617,692,16594,50.0,False
45118,418,4442,40.0,False
144955,699,32102,80.0,True
64237,842,45752,65.0,True
53405,643,18716,55.0,False
106099,499,35075,50.0,False
64795,312,27951,30.0,False
35014,324,41592,20.0,False
44208,422,6661,35.0,False
108193,559,20304,55.0,False
86959,563,11614,40.0,False
75309,482,29873,35.0,False
125491,741,15312,90.0,True
133078,556,30221,40.0,False
71114,637,26646,55.0,False
87199,531,1216,55.0,False
109457,710,4617,85.0,True
97033,596,43453,55.0,False
45157,409,42328,25.0,False
80488,544,33062,40.0,False
147899,337,23235,45.0,False
105574,835,31039,90.0,True
54914,782,41525,60.0,True
63386,767,41057,70.0,True
35817,364,14280,30.0,False
122901,440,22075,55.0,False
87154,472,46632,40.0,False
30221,461,2024,40.0,False
98146,429,14510,45.0,False
135710,484,48002,50.0,False
100575,541,13576,50.0,False
120027,513,19115,45.0,False
124297,344,4540,60.0,True
127248,850,12526,100.0,True
126605,633,28463,70.0,True
117900,722,14104,80.0,True
55825,482,26384,35.0,False
77739,332,46364,40.0,False
86531,525,20343,50.0,False
39171,535,6667,35.0,False
117062,314,48842,45.0,False
73279,305,28379,30.0,False
111678,400,30651,50.0,False
71145,667,20384,55.0,False
116951,324,30808,50.0,False
141151,372,26223,55.0,False
46334,643,49218,30.0,False
124339,341,24958,55.0,False
147970,544,36365,50.0,False
69363,530,22001,40.0,False
96469,797,33863,80.0,True
70538,367,13343,45.0,False
117410,451,33527,45.0,False
83528,435,32057,45.0,False
72753,537,35053,35.0,False
82743,755,31015,80.0,True
121384,595,4101,70.0,True
68752,486,12492,40.0,False
102667,488,14445,55.0,False
46683,466,35972,25.0,False
55144,459,1281,50.0,False
85108,450,38043,40.0,False
117153,756,24422,85.0,True
79695,584,13826,50.0,False
118777,625,40529,65.0,True
128059,678,26304,80.0,True
148332,520,48700,50.0,False
52810,734,48749,60.0,True
110676,837,22981,85.0,True
104593,724,12461,80.0,True
69446,596,37298,50.0,False
83225,529,2758,40.0,False
101819,727,12755,80.0,True
139278,670,39080,75.0,True
30053,682,34588,50.0,False
69829,438,24421,40.0,False
67606,842,42873,65.0,True
57549,630,21723,55.0,False
86346,440,34958,40.0,False
132990,815,15490,95.0,True
106019,419,9600,45.0,False
109516,650,12285,70.0,True
115813,428,14752,50.0,False
72237,343,13868,40.0,False
90946,344,5341,55.0,False
87905,489,44948,40.0,False
87954,660,11522,65.0,True
118555,841,15221,95.0,True
58010,816,47383,75.0,True
97000,734,15042,75.0,True
92021,807,24674,85.0,True
134036,754,15802,90.0,True
148119,483,1837,60.0,True
134336,404,49590,50.0,False
126463,811,19252,95.0,True
52241,796,34516,70.0,True
116356,330,7527,50.0,False
41114,634,11009,45.0,False
67196,600,44390,50.0,False
97561,421,26141,45.0,False
117012,468,33209,50.0,False
112960,781,32189,85.0,True
111167,661,19640,70.0,True
73933,327,41970,35.0,False
42240,553,16376,30.0,False
137272,320,36285,50.0,False
128453,322,21743,55.0,False
60784,644,33553,50.0,False
118184,506,33568,50.0,False
70687,604,38586,50.0,False
59444,843,32147,75.0,True
135717,743,44480,85.0,True
56100,484,2219,50.0,False
49313,778,18559,65.0,True
33201,834,14149,65.0,True
36057,626,5222,50.0,False
62092,541,27598,35.0,False
92277,746,28657,70.0,True
110120,343,48348,45.0,False
141376,716,24818,75.0,True
130727,812,8906,100.0,True
39545,543,40309,20.0,False
89692,733,15287,70.0,True
84321,357,33136,45.0,False
146147,584,10496,75.0,True
112544,545,17579,55.0,False
105454,697,1515,85.0,True
55485,464,29760,35.0,False
124155,782,49296,85.0,True
121272,818,5349,100.0,True
80328,353,43033,40.0,False
94799,621,38736,50.0,False
82383,720,21932,70.0,True
61979,386,28164,35.0,False
49342,534,6831,35.0,False
115990,452,6836,60.0,True
120128,806,8766,100.0,True
30726,691,9532,55.0,False
147002,728,12820,85.0,True
128430,554,25224,55.0,False
142779,707,46013,75.0,True
130931,360,4415,60.0,True
146059,609,26866,70.0,True
43970,804,23228,65.0,True
132029,345,9380,60.0,True
85724,570,34880,40.0,False
58683,750,4487,85.0,True
53053,796,30999,70.0,True
135396,484,12029,60.0,True
121214,304,35472,50.0,False
97889,326,19630,45.0,False
90889,771,47380,75.0,True
36582,632,48942,40.0,False
103060,372,36858,50.0,False
62662,466,26460,35.0,False
141193,617,45889,65.0,True
45906,697,32223,50.0,False
89829,736,7091,70.0,True
47477,837,6503,75.0,True
135043,607,17295,70.0,True
90901,722,7192,80.0,True
117500,316,8466,60.0,True
99616,621,39483,60.0,True
103259,516,13129,50.0,False
108047,704,8646,70.0,True
71588,704,20834,60.0,True
128992,514,32530,45.0,False
146840,774,10710,95.0,True
88008,320,30459,45.0,False
110301,405,42314,50.0,False
136824,797,34643,85.0,True
124276,840,2246,100.0,True
146918,806,41809,90.0,True
96162,537,34268,45.0,False
85933,699,28319,70.0,True
138864,388,44716,50.0,False
148863,610,16382,70.0,True
101810,478,33995,40.0,False
88446,798,17896,85.0,True
147598,406,47294,40.0,False
50861,342,34246,30.0,False
127472,752,34154,85.0,True
142917,506,29777,55.0,False
92216,475,6585,55.0,False
88991,842,28637,85.0,True
63972,670,2950,75.0,True
128536,468,29447,45.0,False
62406,832,20380,80.0,True
140082,652,1517,75.0,True
113579,752,46709,80.0,True
66347,850,22921,80.0,True
130376,619,35166,65.0,True
131931,732,34113,70.0,True
98327,759,20527,85.0,True
93517,443,47815,40.0,False
112149,383,7045,50.0,False
61358,831,26872,75.0,True
65992,466,10459,45.0,False
87654,333,49922,40.0,False
40155,596,3639,55.0,False
123525,446,10315,60.0,True
67450,302,9016,45.0,False
60735,686,32144,60.0,True
65614,633,6853,60.0,True
74020,753,49228,70.0,True
71904,387,13610,45.0,False
147050,319,8882,60.0,True
100798,754,6547,95.0,True
40561,324,35596,25.0,False
48136,561,6873,30.0,False
49769,605,26555,35.0,False
60311,353,14274,45.0,False
80205,362,21862,45.0,False
120957,403,17142,55.0,False
50028,508,10330,45.0,False
122591,762,3738,80.0,True
58043,793,18911,75.0,True
38418,588,3980,50.0,False
84377,586,29309,60.0,True
83424,579,17117,50.0,False
73369,787,1280,70.0,True
101121,383,43539,35.0,False
91069,685,40407,65.0,True
84496,755,1613,90.0,True
38161,526,16352,25.0,False
57110,705,8270,70.0,True
139168,366,9351,60.0,True
85069,845,41269,80.0,True
81049,630,29347,60.0,True
148598,529,4077,60.0,True
130898,325,49329,50.0,False
106556,618,5118,75.0,True
121163,556,17197,50.0,False
32560,374,40319,25.0,False
142293,686,21531,70.0,True
145429,367,7673,50.0,False
130348,310,30714,55.0,False
105456,764,34896,85.0,True
79857,429,42770,40.0,False
92518,345,4964,50.0,False
30772,449,10660,30.0,False
76105,358,16557,50.0,False
69139,506,5482,50.0,False
128759,636,11635,70.0,True
81116,535,31574,45.0,False
141863,510,27234,55.0,False
146869,445,20043,55.0,False
139540,478,15348,55.0,False
84921,568,7631,40.0,False
100545,767,16738,90.0,True
127978,421,10465,55.0,False
126289,550,4027,60.0,True
101582,586,9287,75.0,True
134840,471,34332,50.0,False
109069,629,47693,60.0,True
147677,337,14579,60.0,True
58906,686,38445,60.0,True
93993,755,35001,80.0,True
58760,742,27801,70.0,True
65774,377,24533,35.0,False
87125,400,8771,40.0,False
93654,495,47244,40.0,False
33804,713,27591,50.0,False
80968,532,48404,40.0,False
74057,648,6627,65.0,True
117670,330,25556,50.0,False
119016,647,15777,70.0,True
134614,332,10118,55.0,False
82994,700,5175,80.0,True
124919,395,12234,55.0,False
51632,371,26289,35.0,False
140166,311,12260,60.0,True
91261,370,26493,45.0,False
46728,617,39501,40.0,False
111560,552,35462,50.0,False
100008,655,46895,60.0,True
33534,768,26209,60.0,True
148872,580,42162,65.0,True
81645,424,25165,35.0,False
107580,512,34165,40.0,False
103975,499,26996,40.0,False
116900,796,31235,75.0,True
33552,465,12179,15.0,False
41003,579,11059,30.0,False
114246,835,43009,85.0,True
86179,555,25552,45.0,False
47786,525,7330,35.0,False
143619,512,36501,50.0,False
90515,711,43860,65.0,True
53819,344,5412,45.0,False
36590,475,17511,20.0,False
64099,625,44671,50.0,False
79689,815,39500,65.0,True
72906,549,41616,30.0,False
57742,338,16601,40.0,False
89598,833,28190,85.0,True
72840,355,44581,35.0,False
74236,752,42273,55.0,False
129775,428,7013,60.0,True
145296,778,21412,90.0,True
79692,759,42654,75.0,True
66471,782,29926,70.0,True
128567,737,6454,85.0,True
139041,764,19561,90.0,True
85255,304,1841,55.0,False
63065,693,33083,60.0,True
139433,466,13728,60.0,True
40735,677,46642,40.0,False
91644,670,42350,50.0,False
32540,560,17214,25.0,False
128176,707,47272,75.0,True
100702,558,46340,45.0,False
36826,411,42692,25.0,False
75870,615,1420,70.0,True
59389,741,12182,80.0,True
115215,761,38164,85.0,True
38993,718,29883,50.0,False
132397,583,5211,75.0,True
115426,342,7346,60.0,True
35276,645,40608,40.0,False
128858,708,25801,80.0,True
34067,442,2682,40.0,False
62411,786,34745,70.0,True
56130,346,49222,35.0,False
139999,402,49121,50.0,False
32671,608,45109,40.0,False
111439,549,14870,55.0,False
49973,464,22397,25.0,False
61266,439,36031,35.0,False
46544,366,43204,25.0,False
92070,747,16293,85.0,True
117747,418,38541,50.0,False
44993,494,26437,25.0,False
103920,527,7985,60.0,True
58569,766,10661,80.0,True
90952,426,18920,50.0,False
121680,456,47973,50.0,False
63586,701,20601,65.0,True
130518,373,35592,50.0,False
78351,355,47503,40.0,False
51992,514,15295,40.0,False
109415,685,28991,75.0,True
109593,827,43604,90.0,True
128032,546,26994,55.0,False
124156,774,43618,85.0,True
45012,821,15741,55.0,False
131946,795,43244,85.0,True
137387,320,26807,55.0,False
51465,427,14596,35.0,False
70768,340,9442,45.0,False
44168,605,24826,40.0,False
105849,831,20228,95.0,True
33365,514,46084,20.0,False
70888,520,9795,45.0,False
105470,566,26020,55.0,False
118781,848,14353,85.0,True
149016,823,40645,90.0,True
79192,379,18702,45.0,False
81990,641,18907,60.0,True
123718,687,7881,80.0,True
55995,588,37145,50.0,False
39961,712,32251,50.0,False
107607,687,38195,75.0,True
120520,768,12999,90.0,True
138864,612,42656,60.0,True
112213,395,11820,55.0,False
61830,734,45370,60.0,True
43356,307,47803,25.0,False
121382,836,15750,95.0,True
131250,682,8420,85.0,True
69529,571,14963,30.0,False
141449,336,31346,55.0,False
119687,409,1337,60.0,True
108697,841,34706,85.0,True
135582,683,20613,80.0,True
45866,465,10166,35.0,False
134363,341,9760,60.0,True
104177,572,8785,60.0,True
132581,434,8191,55.0,False
35383,650,29158,40.0,False
75508,553,41475,35.0,False
99827,739,14003,75.0,True
86148,452,16032,45.0,False
116706,504,6959,50.0,False
78571,790,5020,90.0,True
39038,728,17185,50.0,False
96317,586,40749,50.0,False
114874,313,45758,50.0,False
74725,841,40630,75.0,True
31658,342,39440,25.0,False
141355,506,35967,45.0,False
85057,655,24986,60.0,True
137784,322,11940,60.0,True
94251,707,33442,70.0,True
43833,710,40794,50.0,False
86822,837,17962,90.0,True
77472,543,20126,35.0,False
113307,352,43101,50.0,False
146860,570,48322,45.0,False
138620,524,48872,50.0,False
90258,563,42040,40.0,False
122708,704,11200,85.0,True
50052,770,13125,75.0,True
87080,481,26834,45.0,False
53086,402,48468,35.0,False
126180,313,43236,40.0,False
98386,646,47363,50.0,False
115256,639,32385,60.0,True
65400,603,7721,60.0,True
110728,694,10658,85.0,True
135932,803,12112,95.0,True
100539,386,3840,60.0,True
131533,608,41944,65.0,True
93372,302,10741,45.0,False
90931,737,48625,65.0,True
87091,734,32541,70.0,True
138230,809,36307,90.0,True
125817,389,16413,55.0,False
107656,361,23894,55.0,False
65179,731,16892,65.0,True
72245,734,25358,55.0,False
141635,444,6176,60.0,True
62177,443,35566,35.0,False
138885,332,40595,50.0,False
41359,813,21056,65.0,True
66559,516,27240,35.0,False
145557,620,43775,65.0,True
89087,406,6099,55.0,False
61963,366,14887,45.0,False
128366,546,18640,50.0,False
90910,395,21224,35.0,False
104691,432,47049,40.0,False
109997,691,32257,75.0,True
117580,537,15132,50.0,False
79674,647,20060,60.0,True
74092,456,38152,35.0,False
33761,810,7167,75.0,True
94789,391,5661,55.0,False
141536,443,9124,60.0,True
72600,621,25489,50.0,False
53834,550,46858,35.0,False
93904,374,15617,50.0,False
57802,411,6624,45.0,False
76507,366,21793,45.0,False
134573,459,31799,50.0,False
63862,740,32025,70.0,True
74608,385,10288,35.0,False
66655,519,44885,35.0,False
145385,468,14015,60.0,True
108139,698,1650,85.0,True
121905,624,1929,70.0,True
145357,569,35124,40.0,False
66211,730,46642,60.0,True
102848,314,25265,55.0,False
31330,723,27895,50.0,False
97715,769,29074,80.0,True
55042,590,47012,50.0,False
41221,316,41387,25.0,False
61635,333,44759,35.0,False
124381,427,23977,55.0,False
83271,529,34263,40.0,False
94038,724,3141,65.0,True
102768,740,16848,90.0,True
129374,431,42698,50.0,False
61499,429,34046,30.0,False
120519,630,14353,65.0,True
92402,380,38473,40.0,False
114659,604,13702,70.0,True
123302,581,6437,70.0,True
94332,409,10295,50.0,False
88743,700,7597,80.0,True
133931,621,42520,65.0,True
32260,795,41239,60.0,True
42196,323,34947,25.0,False
68566,525,6468,45.0,False
59045,778,49837,70.0,True
83005,702,7743,80.0,True
120673,756,28770,90.0,True
61890,661,25507,50.0,False
70135,843,24085,80.0,True
117026,520,44054,50.0,False
106225,518,31498,50.0,False
78368,839,15251,85.0,True
92031,745,21826,85.0,True
102544,763,12215,90.0,True
99588,304,31262,45.0,False
75056,781,7233,90.0,True
85771,805,41129,70.0,True
127771,329,15681,45.0,False
102140,495,48455,45.0,False
73357,376,18283,45.0,False
76112,422,9276,50.0,False
122124,834,35576,90.0,True
89473,531,7016,55.0,False
65509,510,46545,25.0,False
70189,492,32958,30.0,False
62951,764,43945,65.0,True
60217,825,14305,85.0,True
45814,404,10652,35.0,False
124540,787,44377,85.0,True
55242,706,33911,60.0,True
71359,498,20267,40.0,False
45670,351,43358,25.0,False
127370,844,7621,100.0,True
100236,574,33451,50.0,False
129901,489,33980,50.0,False
120461,371,11921,60.0,True
54267,481,18290,30.0,False
55105,301,33001,35.0,False
58361,815,11964,80.0,True
126810,563,44477,50.0,False
93464,795,8389,90.0,True
66241,665,33625,35.0,False
124972,498,25758,55.0,False
107278,479,18387,55.0,False
129641,832,46995,90.0,True
98765,810,45926,75.0,True
108222,366,20315,40.0,False
67093,740,24085,60.0,True
43176,446,49041,25.0,False
139134,695,28693,80.0,True
55443,746,45493,70.0,True
68829,504,20730,40.0,False
59816,747,7294,75.0,True
77301,777,28558,80.0,True
53519,609,16902,55.0,False
69618,428,27407,25.0,False
31854,641,39950,35.0,False
122801,354,46978,50.0,False
100010,458,20719,55.0,False
46591,417,5400,20.0,False
65954,325,34148,35.0,False
35965,566,41157,25.0,False
37146,474,34522,25.0,False
102529,700,26285,70.0,True
68290,698,1722,75.0,True
121411,442,31664,50.0,False
46551,837,26599,65.0,True
113606,585,44151,65.0,True
143830,484,38751,50.0,False
128669,656,39305,65.0,True
94340,408,33730,45.0,False
43446,478,48720,25.0,False
144389,752,25531,90.0,True
31607,504,13826,25.0,False
105243,388,39149,35.0,False
67268,717,38243,60.0,True
91524,785,33823,80.0,True
92746,372,38299,35.0,False
87733,638,2477,70.0,True
74657,461,19878,30.0,False
54164,413,39192,35.0,False
36734,642,4892,45.0,False
63092,336,23665,30.0,False
142947,577,48404,40.0,False
92616,533,2405,45.0,False
44953,793,4417,75.0,True
137756,748,8732,95.0,True
38564,310,15884,25.0,False
82521,358,6020,45.0,False
94454,599,9501,65.0,True
39710,806,47219,65.0,True
105631,599,43837,60.0,True
112502,797,19335,85.0,True
119974,515,9044,60.0,True
37026,764,8486,55.0,False
49887,807,2235,80.0,True
49555,353,44280,25.0,False
136318,521,2792,60.0,True
103772,594,36046,65.0,True
69824,778,49865,70.0,True
41164,602,23120,40.0,False
62530,427,21112,40.0,False
45525,309,31568,15.0,False
103147,381,19117,55.0,False
130197,565,33435,45.0,False
84548,488,45855,40.0,False
109471,565,17871,40.0,False
108135,379,34222,50.0,False
133643,373,43066,50.0,False
111057,683,31846,75.0,True
59581,516,21519,40.0,False
131671,333,44061,45.0,False
98494,728,36321,65.0,True
79856,751,21770,80.0,True
89049,536,30872,45.0,False
149079,670,43816,75.0,True
88028,717,45178,65.0,True
68974,718,28592,60.0,True
142743,423,28435,55.0,False
107139,324,46222,45.0,False
86207,547,47660,40.0,False
70026,759,27796,75.0,True
104531,821,6491,95.0,True
111399,480,34336,50.0,False
37894,830,35419,65.0,True
109905,446,3748,60.0,True
127004,469,8769,60.0,True
43006,408,16183,30.0,False
129973,340,36378,50.0,False
57235,736,48978,60.0,True
111987,755,29328,85.0,True
57659,376,22437,40.0,False
64687,743,7582,80.0,True
116563,440,39426,50.0,False
40641,808,19520,60.0,True
50585,802,37551,75.0,True
61439,540,42793,35.0,False
52782,801,42289,75.0,True
102350,594,28498,65.0,True
39838,655,46676,40.0,False
50517,329,20066,40.0,False
30350,625,27950,40.0,False
83545,647,42698,45.0,False
89048,412,41193,40.0,False
120357,661,37234,55.0,False
107832,705,48043,70.0,True
91592,313,3364,40.0,False
68175,608,2588,65.0,True
34278,434,49531,25.0,False
60340,455,7262,45.0,False
67762,824,49724,60.0,True
122662,395,15565,55.0,False
67056,808,48681,75.0,True
122141,706,16211,80.0,True
142670,397,37758,50.0,False
89510,835,48384,80.0,True
39329,454,3392,40.0,False
120096,800,36755,90.0,True
60595,407,28898,25.0,False
64675,339,28799,35.0,False
133262,420,29539,55.0,False
133710,469,10274,60.0,True
111927,783,31335,85.0,True
107304,785,1643,95.0,True
116662,396,36240,50.0,False
135369,531,23607,55.0,False
55928,676,41927,60.0,True
85723,405,48884,40.0,False
45043,583,49317,40.0,False
101376,450,10393,55.0,False
59466,735,44571,60.0,True
114886,785,24264,90.0,True
49528,584,47618,35.0,False
149067,745,43735,85.0,True
64816,495,26064,35.0,False
138348,559,33951,40.0,False
48643,580,41977,30.0,False
39359,802,12388,70.0,True
37816,481,9627,25.0,False
51747,584,13725,55.0,False
133891,675,34838,60.0,True
70319,451,48772,35.0,False
107993,477,42635,35.0,False
128167,774,6777,90.0,True
138034,473,1684,60.0,True
104607,495,49982,40.0,False
67828,723,15808,70.0,True
87560,394,33105,45.0,False
46299,337,39353,25.0,False
91433,512,23425,45.0,False
120266,567,3060,55.0,False
69857,686,44142,60.0,True
121715,462,28617,55.0,False
82757,767,39900,75.0,True
65683,645,32624,50.0,False
95597,710,39867,50.0,False
100776,433,44477,45.0,False
94722,705,11835,75.0,True
87377,541,14324,50.0,False
40543,652,7547,50.0,False
108385,548,7279,60.0,True
35224,703,36003,40.0,False
146578,540,25191,55.0,False
86626,441,33764,45.0,False
126276,454,19675,55.0,False
72247,829,7975,85.0,True
109129,464,21907,50.0,False
62816,732,4572,75.0,True
33390,643,36063,40.0,False
41970,453,1455,40.0,False
60005,588,3611,60.0,True
118381,603,2542,75.0,True
139570,414,24412,45.0,False
142789,741,19002,90.0,True
105392,681,3509,80.0,True
106955,645,42729,65.0,True
32719,743,8630,65.0,True
130238,683,38574,75.0,True
118117,346,40624,50.0,False
137665,432,19007,55.0,False
65325,526,5176,50.0,False
105529,698,32169,75.0,True
35273,515,35880,25.0,False
130022,385,14602,55.0,False
129125,470,41911,50.0,False
52962,540,25594,35.0,False
91669,596,12706,65.0,True
98021,728,40272,65.0,True
115394,701,15752,80.0,True
87963,845,22892,85.0,True
66458,493,42708,20.0,False
53788,323,22300,35.0,False
106720,823,13650,95.0,True
87132,630,9693,65.0,True
113202,547,12591,55.0,False
136724,550,31291,45.0,False
94451,727,18041,75.0,True
41959,599,27109,30.0,False
91605,406,10567,50.0,False
75607,647,10302,65.0,True
83523,550,18039,50.0,False
73687,443,10700,45.0,False
72081,462,38200,35.0,False
117835,431,10602,60.0,True
43710,451,39288,10.0,False
142424,652,43195,60.0,True
51079,473,35421,35.0,False
73228,529,10836,45.0,False
83955,312,49906,40.0,False
120921,819,5403,100.0,True
94942,835,17251,90.0,True
67777,767,12628,70.0,True
116846,365,9686,60.0,True
82488,352,21896,45.0,False
136635,520,40209,50.0,False
129680,767,1032,95.0,True
102102,826,19596,95.0,True
34809,486,32954,10.0,False
89614,742,45104,75.0,True
41542,537,14973,30.0,False
71224,458,22218,40.0,False
63082,633,34847,50.0,False
72372,783,20897,75.0,True
45194,702,28336,35.0,False
131259,767,18970,75.0,True
82976,324,22092,45.0,False
143365,815,29842,95.0,True
97449,781,4014,90.0,True
138124,684,4887,80.0,True
30150,783,9800,55.0,False
116200,606,38623,65.0,True
143949,322,10205,50.0,False
101118,519,13067,55.0,False
90552,443,8811,55.0,False
84165,747,3102,90.0,True
37104,377,38047,20.0,False
54586,374,45823,35.0,False
97952,486,43456,40.0,False
77419,600,1416,70.0,True
111609,634,35889,65.0,True
129148,456,13376,50.0,False
95338,370,22460,50.0,False
111973,440,29812,45.0,False
87939,749,27160,80.0,True
129613,828,8975,100.0,True
36764,725,13516,55.0,False
56680,730,27234,55.0,False
65003,534,46954,30.0,False
101987,346,10223,55.0,False
47172,339,5009,35.0,False
67752,729,12299,70.0,True
87424,412,11641,35.0,False
145454,639,2867,75.0,True
121521,473,11365,55.0,False
93532,725,36174,70.0,True
45915,431,22160,25.0,False
33783,500,9246,30.0,False
112578,589,41305,60.0,True
109806,832,34875,90.0,True
134767,335,26233,55.0,False
61365,543,11609,45.0,False
123032,715,30629,80.0,True
50758,645,23102,50.0,False
70730,364,24948,40.0,False
102199,423,37075,50.0,False
31792,707,34482,50.0,False
102384,838,40382,85.0,True
83476,470,25541,45.0,False
42217,455,36443,25.0,False
59451,731,32230,60.0,True
140284,513,49068,50.0,False
149659,464,16890,55.0,False
44871,372,15831,30.0,False
90482,582,22461,50.0,False
45396,605,9183,50.0,False
114896,690,17741,75.0,True
139070,835,7753,95.0,True
50181,731,4712,75.0,True
95323,636,28501,60.0,True
123926,744,44622,85.0,True
68254,343,40430,30.0,False
96698,669,39018,55.0,False
122459,771,38574,85.0,True
65838,521,38154,35.0,False
84459,559,24500,45.0,False
139408,464,14721,55.0,False
93242,811,6824,95.0,True
91894,403,48313,35.0,False
61946,571,47359,35.0,False
89871,414,13438,50.0,False
102255,482,27081,50.0,False
48958,648,35919,40.0,False
80277,631,15734,65.0,True
54983,524,17079,40.0,False
108561,794,29767,85.0,True
96616,709,42107,65.0,True
127818,741,25263,90.0,True
145255,629,47034,65.0,True
47892,533,48192,25.0,False
143249,354,31162,55.0,False
39150,358,23780,25.0,False
66208,328,47767,35.0,False
131276,611,22661,70.0,True
133547,622,1444,75.0,True
141989,465,49008,50.0,False
84387,806,48753,75.0,True
74548,785,10077,80.0,True
133247,392,13095,60.0,True
96550,836,17893,75.0,True
65018,841,1824,75.0,True
137551,493,42712,50.0,False
30336,481,29881,25.0,False
67072,619,20099,50.0,False
125164,645,30797,70.0,True
69132,545,33162,35.0,False
139769,401,35068,45.0,False
106931,589,21992,65.0,True
106011,384,33143,35.0,False
116499,356,35573,40.0,False
94178,349,36015,30.0,False
143411,820,35339,95.0,True
49476,490,15520,30.0,False
88529,419,20034,35.0,False
100592,533,25365,50.0,False
93483,617,14426,65.0,True
75236,799,17608,85.0,True
73573,372,42785,30.0,False
102340,562,45623,45.0,False
129991,704,14246,75.0,True
101228,534,3492,60.0,True
79441,748,49388,70.0,True
89682,625,3867,70.0,True
72176,773,14149,70.0,True
143980,643,44123,65.0,True
54727,625,4716,60.0,True
121422,679,3518,80.0,True
61300,422,15714,40.0,False
104946,589,45932,60.0,True
80196,765,32400,70.0,True
60613,697,17856,65.0,True
142199,532,27360,50.0,False
131652,763,30090,90.0,True
83841,551,15218,50.0,False
35720,718,25563,50.0,False
71704,352,14068,45.0,False
127609,324,46479,50.0,False
91993,502,10875,50.0,False
122435,336,45314,45.0,False
149725,665,14304,70.0,True
136352,786,23191,90.0,True
79968,845,41520,80.0,True
80604,416,44507,35.0,False
116991,474,2307,60.0,True
133860,803,45024,90.0,True
137577,607,45392,65.0,True
115461,385,24246,55.0,False
49936,496,34647,25.0,False
94923,613,18243,65.0,True
34852,332,9562,30.0,False
46547,336,46566,25.0,False
95836,435,23691,50.0,False
107356,626,34344,60.0,True
73515,366,11092,45.0,False
143993,372,11239,60.0,True
43154,424,4680,30.0,False
144581,743,45931,85.0,True
140761,807,40679,90.0,True
87711,381,12524,50.0,False
43069,377,13333,30.0,False
98937,603,40423,55.0,False
149333,307,43915,50.0,False
89890,740,6239,90.0,True
32011,568,48654,25.0,False
124692,620,36777,65.0,True
48894,632,27426,40.0,False
83736,442,21756,45.0,False
144154,488,15220,50.0,False
115823,462,20891,55.0,False
50232,799,44633,60.0,True
39807,540,34997,25.0,False
91537,842,19474,90.0,True
132436,364,2160,60.0,True
64737,787,19384,75.0,True
74375,534,47406,35.0,False
111691,823,7264,100.0,True
120794,368,30457,50.0,False
82098,360,32047,45.0,False
115175,627,32765,65.0,True
40527,602,49065,30.0,False
141642,733,46917,60.0,True
73065,380,25158,40.0,False
141718,621,8061,75.0,True
118389,630,2111,70.0,True
142635,684,37053,60.0,True
99942,589,22234,65.0,True
79808,467,47783,40.0,False
71505,804,27251,80.0,True
112155,512,30392,50.0,False
124203,324,4439,60.0,True
146318,627,22164,70.0,True
129536,369,3629,60.0,True
93956,676,34367,70.0,True
144344,823,26455,95.0,True
100912,702,8809,85.0,True
34705,342,26392,20.0,False
110931,610,24654,70.0,True
38968,617,1810,55.0,False
60771,700,40440,60.0,True
112727,300,3044,60.0,True
119705,463,7372,50.0,False
67667,322,20494,30.0,False
59817,331,32228,35.0,False
127880,791,5147,90.0,True
41846,722,12470,40.0,False
86881,324,44990,40.0,False
42903,745,37630,60.0,True
129663,767,31964,90.0,True
113066,655,27673,70.0,True
122260,717,24614,80.0,True
144370,468,3802,60.0,True
43173,442,14488,30.0,False
88153,560,37074,40.0,False
51805,704,35283,60.0,True
120964,459,46478,50.0,False
69251,613,16848,60.0,True
148413,602,8934,75.0,True
33794,732,24430,50.0,False
36028,789,42629,60.0,True
72516,561,46916,35.0,False
134352,802,2790,100.0,True
37355,384,17081,25.0,False
68452,335,22159,40.0,False
76984,328,34180,40.0,False
79131,349,17593,50.0,False
86450,340,20024,50.0,False
49080,305,26382,25.0,False
62007,805,15990,80.0,True
99621,321,47426,40.0,False
84008,746,37522,75.0,True
104177,549,10012,55.0,False
119364,682,37527,75.0,True
133877,537,14267,50.0,False
53600,415,35377,35.0,False
52280,791,14995,75.0,True
52946,372,10575,40.0,False
40350,468,17191,25.0,False
109887,361,29303,40.0,False
144142,430,32415,55.0,False
80140,594,33580,45.0,False
111226,340,25216,55.0,False
119539,634,21194,70.0,True
61566,801,23440,80.0,True
95230,825,15931,90.0,True
149646,496,22954,55.0,False
106435,442,46110,45.0,False
48758,832,12364,65.0,True
60433,645,12998,60.0,True
90443,427,25678,45.0,False
113611,583,34496,65.0,True
63289,747,26354,70.0,True
90236,410,36945,40.0,False
63466,361,1645,45.0,False
117404,573,37216,50.0,False
31231,692,14313,50.0,False
147821,397,17134,55.0,False
135464,303,16648,55.0,False
90981,383,27773,45.0,False
148123,510,45126,50.0,False
67700,752,40751,70.0,True
118815,512,15282,55.0,False
101643,780,2590,95.0,True
50706,690,2343,75.0,True
39681,575,25025,25.0,False
87898,690,24892,60.0,True
75293,556,6194,55.0,False
107014,534,27834,50.0,False
69210,595,36909,50.0,False
113746,368,7652,60.0,True
85615,551,1573,55.0,False
120480,703,9844,85.0,True
62780,773,17108,75.0,True
89878,300,19822,50.0,False
140795,832,24195,95.0,True
69599,470,33974,35.0,False
56111,722,26072,60.0,True
80422,760,39694,70.0,True
141848,798,27164,90.0,True
93335,551,10537,50.0,False
43979,379,40206,25.0,False
61091,498,21338,40.0,False
79986,523,42331,40.0,False
104963,591,25115,60.0,True
77049,337,44667,40.0,False
105341,750,48936,80.0,True
68780,525,3745,40.0,False
121655,455,28978,55.0,False
68696,794,5331,85.0,True
32875,650,41422,40.0,False
138794,839,11197,100.0,True
116275,744,32679,85.0,True
81879,607,17884,60.0,True
65976,456,7461,45.0,False
31061,466,41832,25.0,False
104177,457,28146,50.0,False
143386,705,39562,75.0,True
119889,634,39892,65.0,True
132014,394,46703,45.0,False
127605,389,3649,60.0,True
36428,474,26615,25.0,False
149356,366,31299,55.0,False
109482,332,26781,55.0,False
127671,600,43827,65.0,True
95107,546,31230,40.0,False
139161,589,22805,70.0,True
148509,609,47472,65.0,True
148349,350,3056,60.0,True
67512,760,9709,80.0,True
131677,468,17423,55.0,False
134708,584,14255,70.0,True
60162,645,1179,60.0,True
109569,580,35791,65.0,True
135110,340,30815,55.0,False
76179,364,32097,40.0,False
58705,528,30443,35.0,False
113442,560,26874,55.0,False
54920,740,4130,75.0,True
111381,352,33547,50.0,False
62850,636,12615,60.0,True
118835,321,7518,55.0,False
129035,465,28947,55.0,False
124493,370,5995,55.0,False
130593,576,12729,55.0,False
116400,584,6457,75.0,True
119241,318,41654,45.0,False
139882,659,2952,75.0,True
47927,795,39427,50.0,False
112345,696,22116,80.0,True
42735,646,28232,25.0,False
148410,439,32026,55.0,False
112242,551,21451,55.0,False
114717,564,25876,50.0,False
35167,607,27664,25.0,False
70492,402,24758,35.0,False
133364,380,16172,45.0,False
87779,604,37199,55.0,False
34373,395,44115,25.0,False
105965,715,36518,70.0,True
77823,489,43499,40.0,False
125991,473,49356,50.0,False
47224,804,36885,65.0,True
41813,652,9926,50.0,False
149226,730,17711,80.0,True
68680,422,44976,35.0,False
72823,436,15295,45.0,False
127973,409,23371,55.0,False
84460,687,44222,65.0,True
53021,492,44637,35.0,False
56318,361,31064,35.0,False
47322,736,1902,65.0,True
133089,760,14167,90.0,True
100701,317,16363,55.0,False
144879,679,35211,80.0,True
77953,364,38169,35.0,False
99579,841,1220,90.0,True
95771,792,13675,85.0,True
149732,504,42212,50.0,False
65720,500,17048,40.0,False
138851,533,29234,55.0,False
51567,344,14432,40.0,False
63681,519,15317,45.0,False
149806,760,14702,90.0,True
138093,546,3894,60.0,True
93156,721,22675,70.0,True
135708,665,30645,70.0,True
68684,460,16349,35.0,False
127853,760,15786,90.0,True
144084,606,46007,65.0,True
74396,683,3302,75.0,True
135412,457,28200,50.0,False
45095,845,44287,65.0,True
91385,519,49065,25.0,False
39869,418,46515,20.0,False
48449,438,4462,40.0,False
128848,375,16826,55.0,False
59571,439,12685,35.0,False
142740,830,10687,100.0,True
118647,468,45652,50.0,False
124924,331,6481,60.0,True
118395,400,29768,50.0,False
82089,620,25841,55.0,False
140853,451,40344,50.0,False
135458,813,41740,80.0,True
103048,302,44387,45.0,False
77942,842,10827,90.0,True
41836,678,44340,40.0,False
133636,340,41961,50.0,False
81717,838,13108,85.0,True
31824,427,37424,25.0,False
64663,810,17319,80.0,True
100329,367,10273,55.0,False
46199,321,16906,30.0,False
89609,557,6384,55.0,False
78311,597,3773,70.0,True
118188,600,13561,55.0,False
128174,843,34109,75.0,True
118125,639,48546,55.0,False
64362,598,16651,55.0,False
106619,563,39477,50.0,False
79941,396,47616,40.0,False
137795,546,39883,45.0,False
113695,340,27650,45.0,False
78689,698,7246,80.0,True
44201,327,2926,40.0,False
118452,313,17016,55.0,False
60647,725,1201,75.0,True
91797,378,21396,50.0,False
33280,531,16161,25.0,False
111205,499,12180,55.0,False
145898,337,46574,50.0,False
103584,645,16574,70.0,True
72992,431,28952,25.0,False
149964,699,27072,80.0,True
109964,628,49834,60.0,True
59015,821,37063,75.0,True
114889,446,41709,50.0,False
38285,305,35590,25.0,False
113283,539,43279,50.0,False
137984,348,34252,55.0,False
90852,763,17727,85.0,True
149195,684,44042,75.0,True
121891,602,10514,75.0,True
69608,405,20294,25.0,False
115097,410,13121,55.0,False
83516,717,41777,50.0,False
45292,752,12397,65.0,True
48320,670,43610,50.0,False
35943,303,23589,25.0,False
34877,450,27622,25.0,False
69893,691,38546,60.0,True
94569,736,7439,75.0,True
45220,557,13585,30.0,False
42739,341,2930,40.0,False
60775,364,4614,45.0,False
146294,326,4140,50.0,False
100457,629,4560,75.0,True
47781,753,43078,60.0,True
80940,751,30012,80.0,True
89459,721,45000,60.0,True
78629,693,4125,80.0,True
117881,846,18222,85.0,True
127404,666,47852,65.0,True
121289,775,1697,95.0,True
100804,688,8380,85.0,True
84935,653,25640,55.0,False
106983,350,48578,45.0,False
127290,396,29256,55.0,False
125236,825,12161,100.0,True
50253,849,12953,75.0,True
146052,648,49139,65.0,True
84379,548,8535,50.0,False
115841,323,33297,50.0,False
42978,712,33536,50.0,False
139273,447,6528,60.0,True
94139,674,1972,80.0,True
110694,374,35264,50.0,False
83492,847,45686,80.0,True
66666,638,3222,65.0,True
34288,819,20127,60.0,True
120476,762,42029,85.0,True
78566,665,12733,65.0,True
58477,491,2718,50.0,False
88115,806,41005,80.0,True
88287,432,21979,50.0,False
60947,708,43175,60.0,True
142125,699,25965,80.0,True
77537,480,49920,40.0,False
43022,500,10198,35.0,False
119873,845,49454,85.0,True
78147,405,23294,45.0,False
101364,794,12658,90.0,True
148187,651,35717,70.0,True
114518,674,2681,85.0,True
77012,799,45571,75.0,True
37936,376,8418,35.0,False
82184,338,6636,55.0,False
66160,519,28491,35.0,False
54878,411,19578,35.0,False
46011,361,40653,20.0,False
141153,656,27358,70.0,True
138028,818,28231,95.0,True
89600,822,23104,85.0,True
42015,594,12650,45.0,False
116870,326,9921,45.0,False
57801,537,5767,50.0,False
114109,370,14654,40.0,False
113819,402,19606,55.0,False
108269,447,33740,50.0,False
32799,306,9502,30.0,False
36629,838,15315,65.0,True
133126,429,14119,55.0,False
73713,686,49384,45.0,False
61925,774,23610,60.0,True
46505,658,32462,40.0,False
133150,458,38435,40.0,False
104000,546,48812,40.0,False
56896,479,5149,50.0,False
38992,490,2918,40.0,False
138765,475,7606,60.0,True
130290,447,16496,55.0,False
102641,615,18483,70.0,True
57152,596,17196,40.0,False
106858,484,30283,50.0,False
58305,371,11622,35.0,False
136568,802,47394,90.0,True
143992,400,9828,60.0,True
60539,345,18387,40.0,False
73064,681,44735,60.0,True
131498,506,2136,60.0,True
49340,628,8174,50.0,False
133369,395,2496,55.0,False
148034,610,14031,75.0,True
108116,725,31808,70.0,True
30371,455,8573,30.0,False
66342,354,8547,45.0,False
142513,485,3742,55.0,False
48964,748,17297,65.0,True
47038,689,23106,50.0,False
100807,453,19484,55.0,False
62853,645,1572,65.0,True
134662,498,46916,50.0,False
52871,653,9401,60.0,True
44408,667,37024,40.0,False
116646,565,5911,55.0,False
143567,790,16126,90.0,True
33379,322,28023,25.0,False
47275,307,15538,30.0,False
31947,808,37990,65.0,True
76955,680,19680,70.0,True
133544,772,29454,75.0,True
133341,535,7578,60.0,True
61186,313,34872,30.0,False
107182,410,23460,45.0,False
72437,773,47702,70.0,True
32068,582,33245,40.0,False
52838,745,12909,80.0,True
64782,808,2945,90.0,True
36868,750,17660,60.0,True
46614,546,10058,35.0,False
127218,638,42080,65.0,True
85176,427,17535,40.0,False
98955,303,21646,50.0,False
44896,813,3483,80.0,True
127735,804,42869,90.0,True
38330,599,7688,50.0,False
92422,796,32450,80.0,True
88756,827,44891,80.0,True
131976,570,11822,60.0,True
77453,356,11378,35.0,False
97271,825,40024,80.0,True
107812,755,2468,95.0,True
44293,708,18041,50.0,False
89245,750,34216,80.0,True
96039,785,21984,85.0,True
59038,606,40038,50.0,False
110623,576,11836,55.0,False
35683,788,44554,60.0,True
125321,733,8372,85.0,True
132659,529,22843,55.0,False
149111,731,47006,75.0,True
143636,739,2679,85.0,True
116363,695,10328,85.0,True
98347,428,1022,55.0,False
69535,813,15939,85.0,True
90036,755,40448,75.0,True
114323,554,24445,55.0,False
34082,538,14981,25.0,False
37972,628,37457,40.0,False
92781,609,33479,55.0,False
141057,580,2851,75.0,True
82640,828,9308,90.0,True
85872,710,31259,70.0,True
119928,531,22394,55.0,False
44150,705,46644,50.0,False
94260,635,23300,65.0,True
123375,359,46052,50.0,False
149236,380,28687,45.0,False
88138,554,27921,40.0,False
39632,325,39936,25.0,False
147868,685,25578,80.0,True
40589,351,22422,25.0,False
72219,801,30038,75.0,True
109730,496,34188,50.0,False
49442,690,9572,60.0,True
38609,655,16001,30.0,False
46540,601,12864,45.0,False
66046,623,41191,40.0,False
111830,557,35957,50.0,False
112978,705,32535,75.0,True
106724,579,30236,45.0,False
101874,468,4504,60.0,True
123343,654,46641,65.0,True
72622,677,18349,65.0,True
79925,559,24725,45.0,False
108301,778,23186,85.0,True
99541,758,19708,85.0,True
68652,511,16918,45.0,False
89469,688,45897,65.0,True
96263,696,17183,65.0,True
109354,632,48132,60.0,True
86387,612,1774,60.0,True
42999,751,32075,60.0,True
133952,560,17671,55.0,False
121983,670,46117,65.0,True
44996,546,43182,25.0,False
141777,735,39425,75.0,True
115814,792,38930,80.0,True
115316,337,6868,60.0,True
145042,508,37486,50.0,False
130789,811,2971,100.0,True
102264,827,4235,100.0,True
124481,535,12516,40.0,False
143441,330,34287,55.0,False
58183,311,36896,30.0,False
86370,596,21927,60.0,True
89186,441,13778,50.0,False
146403,768,27494,90.0,True
59949,688,29674,50.0,False
84239,702,25311,70.0,True
74424,757,36497,70.0,True
138451,342,35261,50.0,False
89441,601,37304,50.0,False
82262,315,35600,40.0,False
84524,374,24860,30.0,False
125631,765,25710,75.0,True
42463,765,42357,60.0,True
70966,305,38462,35.0,False
85936,420,31183,45.0,False
70963,489,5890,45.0,False
117177,712,10028,85.0,True
63408,376,30443,25.0,False
79060,572,9643,45.0,False
50006,626,29515,50.0,False
120023,318,49124,35.0,False
92163,770,12251,85.0,True
38799,635,48259,40.0,False
41957,763,16752,60.0,True
139022,360,24031,55.0,False
41188,482,31397,20.0,False
